Depth,Burden,Spacing,Stemming,Total charge length,Explosive per hole (kg),Maximum charge weight per delay (kg),Total amount of explosive (kg),Total rock blasted (tonnes),Powder factor (ton/kg),Distance (m),SD,PPV,Frequency
5.0,4.0,8,2.733405725,2.266594275,33.75,67.5,2160.0,25600.0,11.85185185,80,9.737289911,31.54,18.75
5.25,4.0,8,2.907852583,2.342147417,34.875,70.0,1499.625,18060.0,12.04301075,100,11.95228609,15.83,72.5
5.0,4.0,8,2.733405725,2.266594275,33.75,67.5,2160.0,25600.0,11.85185185,56,6.816102938,43.64,76.75
7.0,4.5,9,3.776399254,3.223600746,48.0,48.0,48.0,708.75,14.765625,38,5.484827557,129.1,37.5
8.0,4.5,10,4.373449161,3.626550839,54.0,108.0,1458.0,24300.0,16.66666667,66,6.350852961,50.91,72.3
7.0,4.0,8,4.447982743,2.552017257,38.0,76.0,1520.0,22400.0,14.73684211,180,20.64741605,10.37,49.5
8.0,4.5,10,4.306290812,3.693709188,55.0,118.0,880.0,14400.0,16.36363636,100,9.205746179,39.9,35.75
5.0,4.0,8,3.253882929,1.746117071,26.0,52.0,832.0,12800.0,15.38461538,140,19.41450687,6.91,89.0
12.0,4.5,9,4.612581623,7.387418377,110.0,220.0,2420.0,26730.0,11.04545455,103,6.944258583,68.96,20.3
8.0,4.5,10,4.373449161,3.626550839,54.0,108.0,1458.0,24300.0,16.66666667,87,8.371578903,32.68,43.75
6.0,4.0,8,3.850932836,2.149067164,32.0,64.0,1568.0,23520.0,15.0,150,18.75,15.44,52.5
10.5,5.0,11,4.254273554,6.245726446,93.0,186.0,1116.0,17325.0,15.52419355,190,13.93147593,10.69,31.3
6.0,4.0,8,3.850932836,2.149067164,32.0,64.0,1568.0,23520.0,15.0,80,10.0,43.88,41.5
5.25,4.0,8,2.907852583,2.342147417,34.875,70.0,1499.625,18060.0,12.04301075,100,11.95228609,47.87,73.3
7.0,4.0,8,4.447982743,2.552017257,38.0,76.0,1634.0,24080.0,14.73684211,60,6.882472016,63.73,32.8
8.0,4.5,10,4.306290812,3.693709188,55.0,118.0,880.0,14400.0,16.36363636,130,11.96747003,26.22,36.25
5.0,4.0,8,3.253882929,1.746117071,26.0,52.0,832.0,12800.0,15.38461538,125,17.33438113,8.88,31.0
7.0,4.5,9,3.776399254,3.223600746,48.0,48.0,48.0,708.75,14.765625,60,8.660254038,49.45,59.0
8.0,4.5,10,4.306290812,3.693709188,55.0,118.0,880.0,14400.0,16.36363636,190,17.49091774,11.1,36.75
5.0,4.0,8,2.481561917,2.518438083,37.5,75.0,1050.0,11200.0,10.66666667,100,11.54700538,12.18,23.75
5.0,4.0,8,3.253882929,1.746117071,26.0,52.0,832.0,12800.0,15.38461538,110,15.2542554,7.163,25.5
5.0,4.0,8,2.733405725,2.266594275,33.75,67.5,2160.0,25600.0,11.85185185,100,12.17161239,16.22,60.5
7.0,4.0,8,4.447982743,2.552017257,38.0,76.0,1634.0,24080.0,14.73684211,60,6.882472016,52.14,32.8
5.0,4.5,9,2.985249534,2.014750466,30.0,60.0,480.0,8100.0,16.875,115,14.84643616,14.44,29.0
